Order #,Order Date,First Name,Last Name,Email,Quantity,Ticket Type,Order Type,Total Paid,Eventbrite Fees,Eventbrite Payment Processing,Attendee Status,Country,Billing Address 1,Billing Address 2,Billing City,Billing State,Billing Zip,Billing Country,Job Title,Company,Website
,,jesse,,jesse.sugden@gmail.com,1,mars_pass,,,,,,,,,,,,,,,
,,jesse,,jesse.sugden@gmail.com,1,moon_pass,,,,,,,,,,,,,,,
,,jesse,,jesse.sugden@gmail.com,1,mars_pass,,,,,,,,,,,,,,,
,,jesse,,jesse.sugden@gmail.com,,mars_pass,,,,,,,,,,,,,,,
,,jesse,,jesse.sugden@gmail.com,,moon_pass,,,,,,,,,,,,,,,
,,jesse,,jesse.sugden@gmail.com,,mars_pass,,,,,,,,,,,,,,,
,,jesse,,jesse.sugden@gmail.com,,mars_pass,,,,,,,,,,,,,,,
,,jesse,,jesse.sugden@gmail.com,,moon_pass,,,,,,,,,,,,,,,
,,jesse,,jesse.sugden@gmail.com,,mars_pass,,,,,,,,,,,,,,,
